{
  "precision": 0.8,
  "recall": 0.8,
  "f_0.5": 0.8,
  "api": "localhost_5001",
  "duration(s)": 0.017706871032714844,
  "time": "2018-06-25 13:38:32.314402"
}