{
  "precision": 0.75,
  "recall": 0.6,
  "f_0.5": 0.7143,
  "api": "localhost_5002",
  "duration(s)": 0.018091678619384766,
  "time": "2018-06-25 13:38:37.554250"
}