{
  "precision": 0.8333,
  "recall": 1.0,
  "f_0.5": 0.8621,
  "api": "localhost_5003",
  "duration(s)": 0.030998706817626953,
  "time": "2018-06-25 14:35:02.013666"
}